1198,Ford,Fiesta,Indigo,2013
1640,Saab,9-3,Mauv,2006
1153,Infiniti,M,Puce,2008
1285,Mazda,626,Indigo,1983
1632,Hyundai,Tiburon,Blue,2006
1655,Chevrolet,Cavalier,Pink,2001
1546,Plymouth,Laser,Orange,1994
1363,Plymouth,Fury,Fuscia,1964
1688,Mitsubishi,Tredia,Orange,1985
1165,Maybach,57,Goldenrod,2009
1599,Volkswagen,Routan,Violet,2009
1139,Mercedes-Benz,S-Class,Khaki,1990
1675,Volkswagen,GTI,Yellow,2005
1240,Mazda,626,Orange,1988
1230,Mitsubishi,Pajero,Puce,1999
1969,Acura,ZDX,Fuscia,2012
1623,Plymouth,Breeze,Teal,1997
1545,Ford,Escape,Khaki,2010
1558,Toyota,Avalon,Khaki,2004
1403,Dodge,Ram Wagon B350,Red,1994
1424,Chevrolet,Corsica,Pink,1996
1448,Mitsubishi,Truck,Violet,1992
1830,Ford,F-Series,Violet,2006
1668,Honda,Civic,Teal,2001
1192,Mercedes-Benz,CLK-Class,Teal,1998
1533,Pontiac,Firebird,Pink,1984
1664,Chevrolet,Colorado,Indigo,2009
1712,Land Rover,Range Rover Sport,Green,2011
1230,Jeep,Patriot,Teal,2009
1216,Mazda,626,Aquamarine,1985
1838,BMW,Z4 M Roadster,Maroon,2009
1511,Toyota,4Runner,Crimson,2011
1757,BMW,X3,Puce,2008
1447,Mercedes-Benz,CLS-Class,Blue,2012
1690,Mitsubishi,Montero Sport,Mauv,2001
1821,Acura,Integra,Fuscia,1998
1589,Chrysler,Town & Country,Mauv,2012
1616,Jeep,Wrangler,Pink,2009
1018,Mazda,929,Maroon,1987
1368,Buick,Skylark,Mauv,1986
1760,Hyundai,Tiburon,Fuscia,2009
1841,Subaru,Impreza,Yellow,1994
1376,Lotus,Elise,Pink,2008
1416,Volkswagen,Passat,Green,1986
1730,Toyota,Matrix,Red,2006
1079,Chevrolet,G-Series G30,Teal,1993
1976,Peugeot,207,Turquoise,2007
1695,Chevrolet,Silverado 2500,Aquamarine,2009
1495,Chrysler,Cirrus,Yellow,1996
1541,Nissan,Titan,Puce,2005
1071,Infiniti,G37,Fuscia,2011
1992,Subaru,BRZ,Turquoise,2013
1276,Land Rover,LR4,Goldenrod,2012
1386,Volkswagen,GTI,Teal,1990
1916,Dodge,Viper,Khaki,1998
1080,Land Rover,Range Rover,Crimson,1987
1333,Subaru,Impreza,Teal,1999
1242,Subaru,Legacy,Puce,1993
1972,Isuzu,Amigo,Purple,1999
1091,Jaguar,XJ Series,Turquoise,1999
1691,Lincoln,Town Car,Red,1987
1970,Dodge,Grand Caravan,Fuscia,2010
1182,Jeep,Grand Cherokee,Teal,1999
1879,Lincoln,MKS,Crimson,2010
1972,Honda,Insight,Green,2006
1902,Honda,CR-V,Crimson,2012
1276,Dodge,Stratus,Red,2004
1957,Cadillac,SRX,Pink,2008
1118,Buick,Coachbuilder,Turquoise,1990
1599,Nissan,200SX,Khaki,1995
1331,Dodge,Colt,Yellow,1993
1315,Toyota,RAV4,Orange,2004
1062,Ford,Explorer,Red,2007
1294,Volvo,S70,Crimson,2000
1514,Ford,Ranger,Khaki,2008
1759,Nissan,Maxima,Pink,1990
1773,Hyundai,Sonata,Indigo,2010
1275,Land Rover,Range Rover,Aquamarine,1991
1482,Acura,NSX,Khaki,2003
1168,Isuzu,Trooper,Purple,1996
1103,Mitsubishi,Montero,Mauv,1994
1092,Kia,Rio,Orange,2013
1518,Ford,Crown Victoria,Yellow,2008
1434,Ford,E250,Aquamarine,2010
1022,Toyota,Paseo,Pink,1996
1675,Chevrolet,Blazer,Goldenrod,2003
1662,Chevrolet,Silverado 2500,Pink,2002
1379,Mitsubishi,GTO,Indigo,1990
1068,Toyota,Corolla,Violet,2011
1395,Chrysler,PT Cruiser,Mauv,2006
1819,Honda,Prelude,Blue,1984
1311,Volkswagen,Corrado,Aquamarine,1993
1293,Mazda,Millenia,Mauv,1996
1853,Honda,Insight,Aquamarine,2010
1205,GMC,Sonoma Club Coupe,Puce,1997
1916,Volvo,S80,Pink,2010
1548,Volvo,V40,Maroon,2003
1449,Volkswagen,Routan,Aquamarine,2009
1868,Buick,Century,Red,1987
1037,Jaguar,XF,Red,2012
