{
  "name": "bootstrapvalidator",
  "description": "The best jQuery plugin to validate form fields. Designed to use with Bootstrap 3",
  "version": "0.5.3",
  "ignore": [
    "demo",
    "screenshots",
    "test",
    "vendor",
    "*.md",
    "bootstrapValidator.jquery.json",
    "Gruntfile.js",
    "package.json"
  ],
  "main": [
    "dist/css/bootstrapValidator.css",
    "dist/js/bootstrapValidator.js"
  ],
  "license": "http://bootstrapvalidator.com/license/",
  "keywords": [
    "jQuery",
    "plugin",
    "validate",
    "validator",
    "form",
    "Bootstrap"
  ],
  "authors": [
    {
      "name": "Nguyen Huu Phuoc",
      "email": "phuoc@huuphuoc.me",
      " homepage": "https://twitter.com/nghuuphuoc"
    }
  ],
  "homepage": "http://bootstrapvalidator.com",
  "repository": {
    "type": "git",
    "url": "https://github.com/nghuuphuoc/bootstrapvalidator.git"
  },
  "dependencies": {
    "jquery": ">= 1.9.1",
    "bootstrap": ">= 3.0.0"
  },
  "_release": "0.5.3",
  "_resolution": {
    "type": "version",
    "tag": "v0.5.3",
    "commit": "8d8eb4f554bec2687fe6f0cb9349d577a1e67872"
  },
  "_source": "https://github.com/nghuuphuoc/bootstrapvalidator.git",
  "_target": "~0.5.3",
  "_originalSource": "bootstrapvalidator"
}